date,day_of_week,month,year,shift,total_arrivals,staff_on_duty,crowding_ratio,avg_wait_min,avg_los_min,admitted,discharged,left_without_seen,transferred,triage_critical,triage_urgent,triage_semi_urgent,triage_non_urgent,patient_satisfaction
2023-01-01,Sunday,January,2023,Night,112,15,1.15,72.5,134.7,28,61,6,17,3,20,50,38,7.0
2023-01-02,Monday,January,2023,Day,176,16,1.69,90.1,153.6,40,108,14,14,5,31,79,59,5.6
2023-01-03,Tuesday,January,2023,Evening,161,17,1.46,79.6,132.7,41,93,11,16,4,28,72,54,5.5
2023-01-04,Wednesday,January,2023,Evening,146,18,1.25,72.3,121.1,27,95,9,15,4,26,65,49,7.0
2023-01-05,Thursday,January,2023,Evening,130,16,1.25,75.0,131.6,32,77,8,13,3,23,58,44,6.7
2023-01-06,Friday,January,2023,Day,148,18,1.26,80.0,128.9,30,99,9,10,4,26,66,50,5.7
2023-01-07,Saturday,January,2023,Day,117,15,1.2,73.7,141.4,29,77,7,4,3,21,52,39,6.9
2023-01-08,Sunday,January,2023,Evening,111,14,1.22,79.3,140.1,23,73,6,9,3,19,49,37,6.2
2023-01-09,Monday,January,2023,Evening,178,15,1.83,97.6,190.3,42,118,16,2,5,32,80,60,6.1
2023-01-10,Tuesday,January,2023,Day,159,17,1.44,82.3,126.9,36,109,11,3,4,28,71,54,6.7
2023-01-11,Wednesday,January,2023,Night,141,16,1.36,82.9,146.0,27,97,9,8,4,25,63,47,6.1
2023-01-12,Thursday,January,2023,Day,144,18,1.23,75.8,157.0,38,86,8,12,4,25,64,48,6.5
2023-01-13,Friday,January,2023,Day,138,20,1.06,66.0,79.0,27,78,7,26,4,24,62,46,6.9
2023-01-14,Saturday,January,2023,Day,133,18,1.14,60.4,94.6,36,92,7,0,3,23,59,45,7.5
2023-01-15,Sunday,January,2023,Day,115,15,1.18,67.2,122.5,26,64,6,19,3,20,51,39,6.6
2023-01-16,Monday,January,2023,Night,179,16,1.72,91.7,170.2,36,116,15,12,5,32,80,60,5.9
2023-01-17,Tuesday,January,2023,Night,150,16,1.44,89.6,182.4,35,84,10,21,4,27,67,51,6.6
2023-01-18,Wednesday,January,2023,Day,138,21,1.01,69.8,125.8,27,89,6,16,4,24,62,46,6.5
2023-01-19,Thursday,January,2023,Night,146,19,1.18,71.5,122.9,27,100,8,11,4,26,65,49,6.3
2023-01-20,Friday,January,2023,Night,139,20,1.07,70.4,147.2,28,78,7,26,4,25,62,47,7.7
2023-01-21,Saturday,January,2023,Night,132,15,1.35,85.1,172.7,35,90,8,0,3,23,59,44,5.8
2023-01-22,Sunday,January,2023,Day,118,18,1.01,69.6,127.9,29,76,5,8,3,21,53,40,6.2
2023-01-23,Monday,January,2023,Evening,172,16,1.65,85.5,165.4,45,111,14,2,5,30,77,58,6.7
2023-01-24,Tuesday,January,2023,Evening,145,15,1.49,80.6,158.3,35,97,10,3,4,26,65,49,6.2
2023-01-25,Wednesday,January,2023,Day,146,15,1.5,84.7,138.0,26,94,10,16,4,26,65,49,6.6
2023-01-26,Thursday,January,2023,Day,153,17,1.38,84.1,144.6,33,103,10,7,4,27,68,52,6.5
2023-01-27,Friday,January,2023,Night,137,19,1.11,69.8,135.1,25,87,7,18,4,24,61,46,7.4
2023-01-28,Saturday,January,2023,Day,113,20,0.87,60.0,121.1,28,68,4,13,3,20,50,38,7.4
2023-01-29,Sunday,January,2023,Evening,122,18,1.04,68.0,122.8,28,81,6,7,3,21,54,41,7.1
2023-01-30,Monday,January,2023,Day,172,18,1.47,84.7,135.2,32,109,12,19,5,30,77,58,5.6
2023-01-31,Tuesday,January,2023,Day,157,14,1.73,95.8,166.2,28,105,13,11,4,28,70,53,5.8
2023-02-01,Wednesday,February,2023,Evening,133,21,0.97,64.6,124.5,25,74,6,28,3,23,59,45,6.3
2023-02-02,Thursday,February,2023,Day,142,20,1.09,72.8,131.3,30,95,7,10,4,25,63,48,6.8
2023-02-03,Friday,February,2023,Evening,145,16,1.39,89.1,155.4,29,91,10,15,4,26,65,49,5.9
2023-02-04,Saturday,February,2023,Night,126,18,1.08,76.3,117.4,25,76,6,19,3,22,56,42,7.2
2023-02-05,Sunday,February,2023,Evening,104,17,0.94,72.0,129.3,23,59,4,18,3,18,46,35,6.2
2023-02-06,Monday,February,2023,Night,162,21,1.19,79.1,140.5,39,101,9,13,4,29,72,55,6.2
2023-02-07,Tuesday,February,2023,Evening,163,17,1.48,84.3,161.4,38,99,12,14,4,29,73,55,6.2
2023-02-08,Wednesday,February,2023,Day,142,19,1.15,71.3,134.9,38,82,8,14,4,25,63,48,6.6
2023-02-09,Thursday,February,2023,Day,129,17,1.17,72.7,144.1,23,86,7,13,3,23,58,43,6.4
2023-02-10,Friday,February,2023,Day,135,19,1.09,76.0,142.2,35,79,7,14,4,24,60,45,6.7
2023-02-11,Saturday,February,2023,Evening,128,14,1.41,75.2,125.3,34,86,9,0,3,23,57,43,7.0
2023-02-12,Sunday,February,2023,Night,120,17,1.09,69.7,125.6,31,71,6,12,3,21,54,40,7.0
2023-02-13,Monday,February,2023,Day,161,17,1.46,80.2,173.0,36,95,11,19,4,28,72,54,6.8
2023-02-14,Tuesday,February,2023,Night,163,19,1.32,81.1,135.5,38,100,10,15,4,29,73,55,6.3
2023-02-15,Wednesday,February,2023,Day,139,19,1.13,76.8,131.7,36,91,7,5,4,25,62,47,6.5
2023-02-16,Thursday,February,2023,Evening,129,20,0.99,62.3,102.2,24,85,6,14,3,23,58,43,7.5
2023-02-17,Friday,February,2023,Evening,144,17,1.3,77.1,128.5,27,81,9,27,4,25,64,48,6.4
2023-02-18,Saturday,February,2023,Night,128,18,1.09,69.2,102.9,34,74,7,13,3,23,57,43,6.4
2023-02-19,Sunday,February,2023,Evening,103,18,0.88,65.1,124.3,23,66,4,10,3,18,46,35,6.9
2023-02-20,Monday,February,2023,Day,164,20,1.26,84.5,150.4,39,97,10,18,4,29,73,55,6.6
2023-02-21,Tuesday,February,2023,Day,157,20,1.21,64.3,87.0,41,102,9,5,4,28,70,53,7.0
2023-02-22,Wednesday,February,2023,Day,155,19,1.26,82.6,159.2,41,86,9,19,4,27,69,52,6.2
2023-02-23,Thursday,February,2023,Evening,137,18,1.17,66.4,124.6,36,92,8,1,4,24,61,46,6.8
2023-02-24,Friday,February,2023,Evening,144,17,1.3,76.8,142.1,40,100,9,0,4,25,64,48,6.6
2023-02-25,Saturday,February,2023,Day,128,17,1.16,63.3,93.4,31,82,7,8,3,23,57,43,7.1
2023-02-26,Sunday,February,2023,Evening,106,18,0.91,71.5,130.4,28,67,4,7,3,19,47,36,7.2
2023-02-27,Monday,February,2023,Day,178,15,1.83,96.7,196.4,35,101,16,26,5,32,80,60,6.1
2023-02-28,Tuesday,February,2023,Night,153,14,1.68,99.5,192.4,32,95,12,14,4,27,68,52,5.6
2023-03-01,Wednesday,March,2023,Night,117,19,0.95,64.5,115.9,24,72,5,16,3,21,52,39,7.2
2023-03-02,Thursday,March,2023,Day,117,20,0.9,53.8,95.0,22,66,5,24,3,21,52,39,7.2
2023-03-03,Friday,March,2023,Day,113,15,1.16,73.8,144.1,25,73,6,9,3,20,50,38,6.4
2023-03-04,Saturday,March,2023,Evening,95,16,0.91,58.7,84.1,20,59,4,12,2,17,42,32,7.0
2023-03-05,Sunday,March,2023,Day,87,19,0.7,59.2,119.3,22,50,3,12,2,15,39,29,6.8
2023-03-06,Monday,March,2023,Day,181,22,1.27,74.1,124.0,46,100,11,24,5,32,81,61,5.7
2023-03-07,Tuesday,March,2023,Day,185,18,1.58,93.1,153.0,41,116,14,14,5,33,83,62,5.9
2023-03-08,Wednesday,March,2023,Night,154,17,1.39,80.5,129.0,32,87,10,25,4,27,69,52,6.1
2023-03-09,Thursday,March,2023,Evening,161,20,1.24,77.8,126.9,37,102,9,13,4,28,72,54,6.4
2023-03-10,Friday,March,2023,Night,162,17,1.47,80.3,165.5,38,97,11,16,4,29,72,55,5.8
2023-03-11,Saturday,March,2023,Day,140,17,1.27,74.5,127.2,27,80,8,25,4,25,63,47,6.3
2023-03-12,Sunday,March,2023,Day,121,12,1.55,90.5,168.8,32,81,9,0,3,21,54,41,5.9
2023-03-13,Monday,March,2023,Day,128,19,1.04,67.5,152.1,26,85,6,11,3,23,57,43,7.4
2023-03-14,Tuesday,March,2023,Evening,127,18,1.09,54.7,91.6,30,75,6,16,3,22,57,43,7.1
2023-03-15,Wednesday,March,2023,Night,111,23,0.74,46.6,81.7,21,62,4,24,3,19,49,37,7.3
2023-03-16,Thursday,March,2023,Evening,113,16,1.09,72.3,146.7,27,70,6,10,3,20,50,38,6.9
2023-03-17,Friday,March,2023,Night,118,18,1.01,65.8,125.8,31,67,5,15,3,21,53,40,7.4
2023-03-18,Saturday,March,2023,Night,95,17,0.86,57.8,112.2,22,57,4,12,2,17,42,32,7.5
2023-03-19,Sunday,March,2023,Evening,93,17,0.84,65.2,107.2,19,61,3,10,2,16,41,31,5.9
2023-03-20,Monday,March,2023,Night,130,17,1.18,76.2,150.5,31,73,7,19,3,23,58,44,6.5
2023-03-21,Tuesday,March,2023,Night,135,16,1.3,74.9,142.5,31,92,8,4,4,24,60,45,7.0
2023-03-22,Wednesday,March,2023,Night,111,15,1.14,66.5,142.3,29,66,6,10,3,19,49,37,6.9
2023-03-23,Thursday,March,2023,Evening,108,20,0.83,56.0,94.4,27,71,4,6,3,19,48,36,6.9
2023-03-24,Friday,March,2023,Evening,127,14,1.4,82.2,132.1,34,80,8,5,3,22,57,43,6.1
2023-03-25,Saturday,March,2023,Evening,101,18,0.86,72.7,127.8,26,69,4,2,3,18,45,34,6.6
2023-03-26,Sunday,March,2023,Evening,99,18,0.85,61.1,113.7,23,60,4,12,2,17,44,33,6.5
2023-03-27,Monday,March,2023,Day,149,17,1.35,82.8,187.1,32,83,10,24,4,26,67,50,6.4
2023-03-28,Tuesday,March,2023,Evening,139,19,1.13,58.4,101.7,29,91,7,12,4,25,62,47,7.3
2023-03-29,Wednesday,March,2023,Day,113,15,1.16,70.6,127.0,25,77,6,5,3,20,50,38,6.1
2023-03-30,Thursday,March,2023,Evening,119,15,1.22,76.4,125.5,33,74,7,5,3,21,53,40,6.4
2023-03-31,Friday,March,2023,Evening,111,16,1.07,71.1,126.3,22,61,5,23,3,19,49,37,6.7
2023-04-01,Saturday,April,2023,Day,103,20,0.79,43.4,46.9,24,59,4,16,3,18,46,35,7.1
2023-04-02,Sunday,April,2023,Day,102,17,0.92,64.6,128.8,22,56,4,20,3,18,45,34,6.3
2023-04-03,Monday,April,2023,Day,143,17,1.29,76.9,127.9,35,79,9,20,4,25,64,48,6.1
2023-04-04,Tuesday,April,2023,Night,139,19,1.13,64.8,111.4,28,91,7,13,4,25,62,47,6.7
2023-04-05,Wednesday,April,2023,Day,127,21,0.93,57.2,93.1,34,70,5,18,3,22,57,43,6.7
2023-04-06,Thursday,April,2023,Day,110,14,1.21,82.2,129.3,23,70,6,11,3,19,49,37,5.9
2023-04-07,Friday,April,2023,Day,125,20,0.96,52.6,68.4,34,83,6,2,3,22,56,42,7.0
2023-04-08,Saturday,April,2023,Evening,109,19,0.88,60.1,103.1,19,64,4,22,3,19,49,37,7.5
2023-04-09,Sunday,April,2023,Night,98,16,0.94,60.6,89.8,20,54,4,20,2,17,44,33,7.0
2023-04-10,Monday,April,2023,Day,127,14,1.4,83.6,180.6,33,73,8,13,3,22,57,43,6.5
2023-04-11,Tuesday,April,2023,Day,122,21,0.89,68.6,108.4,33,74,5,10,3,21,54,41,6.9
2023-04-12,Wednesday,April,2023,Day,120,17,1.09,69.4,103.4,26,71,6,17,3,21,54,40,6.9
2023-04-13,Thursday,April,2023,Day,122,19,0.99,55.7,131.5,33,80,6,3,3,21,54,41,7.0
2023-04-14,Friday,April,2023,Night,110,19,0.89,53.0,95.3,26,66,4,14,3,19,49,37,7.0
2023-04-15,Saturday,April,2023,Night,93,18,0.79,55.1,128.8,20,54,3,16,2,16,41,31,7.1
2023-04-16,Sunday,April,2023,Day,101,15,1.04,71.1,101.5,19,69,5,8,3,18,45,34,7.1
2023-04-17,Monday,April,2023,Evening,150,15,1.54,85.4,169.7,37,100,11,2,4,27,67,51,6.2
2023-04-18,Tuesday,April,2023,Day,137,17,1.24,77.8,117.1,38,94,8,0,4,24,61,46,6.4
2023-04-19,Wednesday,April,2023,Evening,124,19,1.0,65.8,125.1,34,85,6,0,3,22,55,42,6.7
2023-04-20,Thursday,April,2023,Evening,126,17,1.14,75.0,113.9,24,70,7,25,3,22,56,42,6.7
2023-04-21,Friday,April,2023,Evening,118,17,1.07,68.4,129.3,30,70,6,12,3,21,53,40,5.9
2023-04-22,Saturday,April,2023,Day,109,15,1.12,72.6,141.4,28,76,6,0,3,19,49,37,6.6
2023-04-23,Sunday,April,2023,Evening,101,16,0.97,51.4,106.3,28,67,4,2,3,18,45,34,7.4
2023-04-24,Monday,April,2023,Day,135,16,1.3,80.9,141.1,28,80,8,19,4,24,60,45,6.0
2023-04-25,Tuesday,April,2023,Day,119,14,1.31,71.3,112.3,32,79,7,1,3,21,53,40,6.9
2023-04-26,Wednesday,April,2023,Day,118,22,0.83,54.7,116.0,27,68,4,19,3,21,53,40,7.8
2023-04-27,Thursday,April,2023,Night,111,19,0.9,57.8,96.6,30,75,4,2,3,19,49,37,7.0
2023-04-28,Friday,April,2023,Day,134,17,1.21,67.6,133.6,26,90,8,10,4,24,60,45,7.2
2023-04-29,Saturday,April,2023,Day,96,22,0.67,56.5,89.1,25,56,3,12,2,17,43,32,7.2
2023-04-30,Sunday,April,2023,Day,103,19,0.83,63.8,102.1,22,62,4,15,3,18,46,35,6.9
2023-05-01,Monday,May,2023,Evening,144,16,1.38,80.3,155.0,27,97,9,11,4,25,64,48,5.9
2023-05-02,Tuesday,May,2023,Night,131,20,1.01,67.0,140.5,30,77,6,18,3,23,58,44,6.3
2023-05-03,Wednesday,May,2023,Evening,127,19,1.03,68.2,128.8,33,83,6,5,3,22,57,43,7.0
2023-05-04,Thursday,May,2023,Night,120,16,1.15,73.6,126.9,30,68,6,16,3,21,54,40,6.2
2023-05-05,Friday,May,2023,Day,130,17,1.18,72.1,142.0,36,83,7,4,3,23,58,44,6.0
2023-05-06,Saturday,May,2023,Day,104,20,0.8,58.1,108.6,24,72,4,4,3,18,46,35,6.9
2023-05-07,Sunday,May,2023,Evening,98,18,0.84,60.5,106.1,24,54,4,16,2,17,44,33,6.8
2023-05-08,Monday,May,2023,Day,133,17,1.2,73.8,138.3,24,73,8,28,3,23,59,45,6.3
2023-05-09,Tuesday,May,2023,Evening,131,19,1.06,72.8,105.5,36,80,6,9,3,23,58,44,6.4
2023-05-10,Wednesday,May,2023,Day,111,19,0.9,65.9,135.4,23,76,4,8,3,19,49,37,7.3
2023-05-11,Thursday,May,2023,Evening,116,17,1.05,70.2,108.0,24,80,6,6,3,20,52,39,7.3
2023-05-12,Friday,May,2023,Evening,132,16,1.27,72.4,131.4,28,89,8,7,3,23,59,44,6.5
2023-05-13,Saturday,May,2023,Evening,111,18,0.95,61.8,121.9,29,73,5,4,3,19,49,37,7.2
2023-05-14,Sunday,May,2023,Evening,88,20,0.68,54.5,82.6,16,57,2,13,2,15,39,29,7.2
2023-05-15,Monday,May,2023,Evening,129,16,1.24,74.5,110.2,33,76,8,12,3,23,58,43,6.7
2023-05-16,Tuesday,May,2023,Night,119,17,1.08,64.6,153.4,24,77,6,12,3,21,53,40,6.6
2023-05-17,Wednesday,May,2023,Evening,126,17,1.14,67.8,118.1,35,71,7,13,3,22,56,42,6.6
2023-05-18,Thursday,May,2023,Day,120,19,0.97,72.8,117.9,25,66,5,24,3,21,54,40,6.6
2023-05-19,Friday,May,2023,Day,119,18,1.02,60.4,123.6,23,68,6,22,3,21,53,40,7.2
2023-05-20,Saturday,May,2023,Night,104,21,0.76,57.3,109.0,27,62,3,12,3,18,46,35,7.4
2023-05-21,Sunday,May,2023,Evening,87,18,0.74,59.5,104.1,21,54,3,9,2,15,39,29,7.5
2023-05-22,Monday,May,2023,Evening,126,15,1.29,74.0,142.5,28,79,8,11,3,22,56,42,7.0
2023-05-23,Tuesday,May,2023,Evening,124,15,1.27,78.7,134.1,22,72,7,23,3,22,55,42,6.5
2023-05-24,Wednesday,May,2023,Day,128,19,1.04,70.8,99.5,27,89,6,6,3,23,57,43,6.3
2023-05-25,Thursday,May,2023,Evening,126,14,1.38,90.4,161.1,33,86,8,0,3,22,56,42,6.7
2023-05-26,Friday,May,2023,Day,116,19,0.94,63.5,122.3,28,76,5,7,3,20,52,39,6.4
2023-05-27,Saturday,May,2023,Evening,106,18,0.91,59.8,82.9,28,65,4,9,3,19,47,36,7.0
2023-05-28,Sunday,May,2023,Day,93,15,0.95,64.7,122.1,19,60,4,10,2,16,41,31,6.8
2023-05-29,Monday,May,2023,Day,145,14,1.59,87.4,125.9,38,89,11,7,4,26,65,49,6.2
2023-05-30,Tuesday,May,2023,Night,135,16,1.3,79.5,155.8,30,91,8,6,4,24,60,45,6.8
2023-05-31,Wednesday,May,2023,Night,122,17,1.1,71.1,123.1,22,76,6,18,3,21,54,41,6.4
2023-06-01,Thursday,June,2023,Day,106,17,0.96,58.2,101.9,24,58,5,19,3,19,47,36,7.2
2023-06-02,Friday,June,2023,Evening,134,18,1.15,73.1,129.6,31,83,7,13,4,24,60,45,7.0
2023-06-03,Saturday,June,2023,Day,94,16,0.9,64.4,120.1,21,63,4,6,2,16,42,31,6.6
2023-06-04,Sunday,June,2023,Night,99,17,0.9,70.9,142.1,23,54,4,18,2,17,44,33,6.8
2023-06-05,Monday,June,2023,Evening,143,15,1.47,87.0,140.3,35,80,10,18,4,25,64,48,6.8
2023-06-06,Tuesday,June,2023,Evening,145,20,1.12,68.4,128.2,36,98,8,3,4,26,65,49,7.3
2023-06-07,Wednesday,June,2023,Day,115,20,0.88,63.2,124.6,25,77,5,8,3,20,51,39,7.1
2023-06-08,Thursday,June,2023,Day,118,15,1.21,65.2,104.1,26,69,7,16,3,21,53,40,7.4
2023-06-09,Friday,June,2023,Night,115,18,0.98,60.8,125.8,26,69,5,15,3,20,51,39,7.6
2023-06-10,Saturday,June,2023,Evening,102,17,0.92,61.8,93.9,22,64,4,12,3,18,45,34,6.3
2023-06-11,Sunday,June,2023,Night,98,19,0.79,59.6,103.5,26,54,3,15,2,17,44,33,7.2
2023-06-12,Monday,June,2023,Evening,133,17,1.2,68.4,110.1,28,89,8,8,3,23,59,45,6.3
2023-06-13,Tuesday,June,2023,Evening,127,21,0.93,66.1,109.9,24,73,5,25,3,22,57,43,6.2
2023-06-14,Wednesday,June,2023,Evening,112,21,0.82,58.9,108.4,23,77,4,8,3,20,50,38,6.7
2023-06-15,Thursday,June,2023,Night,124,16,1.19,73.0,138.5,29,83,7,5,3,22,55,42,6.6
2023-06-16,Friday,June,2023,Day,115,18,0.98,57.8,121.3,31,69,5,10,3,20,51,39,7.0
2023-06-17,Saturday,June,2023,Evening,107,19,0.87,56.9,129.7,20,68,4,15,3,19,48,36,6.8
2023-06-18,Sunday,June,2023,Evening,97,19,0.79,52.7,89.5,18,53,3,23,2,17,43,32,7.4
2023-06-19,Monday,June,2023,Day,140,14,1.54,87.9,180.1,32,97,10,1,4,25,63,47,5.4
2023-06-20,Tuesday,June,2023,Day,137,15,1.41,71.6,143.5,38,77,9,13,4,24,61,46,7.1
2023-06-21,Wednesday,June,2023,Evening,125,14,1.37,82.8,132.5,26,70,8,21,3,22,56,42,6.0
2023-06-22,Thursday,June,2023,Day,107,16,1.03,69.7,140.9,26,67,5,9,3,19,48,36,6.7
2023-06-23,Friday,June,2023,Night,118,19,0.96,73.0,127.5,21,74,5,18,3,21,53,40,7.3
2023-06-24,Saturday,June,2023,Day,95,16,0.91,64.7,102.7,21,63,4,7,2,17,42,32,6.9
2023-06-25,Sunday,June,2023,Evening,99,16,0.95,56.0,101.9,26,62,4,7,2,17,44,33,7.4
2023-06-26,Monday,June,2023,Day,126,16,1.21,75.3,143.1,31,69,7,19,3,22,56,42,6.7
2023-06-27,Tuesday,June,2023,Evening,125,16,1.2,71.9,130.7,26,76,7,16,3,22,56,42,6.9
2023-06-28,Wednesday,June,2023,Night,122,19,0.99,64.7,120.2,32,70,6,14,3,21,54,41,6.8
2023-06-29,Thursday,June,2023,Evening,108,17,0.98,69.9,134.3,22,60,5,21,3,19,48,36,6.9
2023-06-30,Friday,June,2023,Night,114,15,1.17,78.3,141.7,29,64,6,15,3,20,51,38,6.5
2023-07-01,Saturday,July,2023,Day,110,22,0.77,54.3,88.0,25,67,4,14,3,19,49,37,7.4
2023-07-02,Sunday,July,2023,Day,93,19,0.75,55.4,72.7,21,57,3,12,2,16,41,31,6.9
2023-07-03,Monday,July,2023,Evening,141,19,1.14,64.3,101.2,26,94,8,13,4,25,63,47,7.0
2023-07-04,Tuesday,July,2023,Day,120,16,1.15,69.1,118.9,22,78,6,14,3,21,54,40,6.4
2023-07-05,Wednesday,July,2023,Night,120,14,1.32,82.3,155.6,26,68,7,19,3,21,54,40,7.2
2023-07-06,Thursday,July,2023,Day,116,16,1.12,63.8,133.0,29,77,6,4,3,20,52,39,6.7
2023-07-07,Friday,July,2023,Day,120,17,1.09,68.4,136.1,23,75,6,16,3,21,54,40,6.4
2023-07-08,Saturday,July,2023,Evening,92,16,0.88,60.2,79.0,24,51,4,13,2,16,41,31,7.8
2023-07-09,Sunday,July,2023,Night,89,20,0.68,48.1,52.0,19,55,3,12,2,16,40,30,7.2
2023-07-10,Monday,July,2023,Night,148,20,1.14,64.9,92.8,39,82,8,19,4,26,66,50,6.7
2023-07-11,Tuesday,July,2023,Evening,130,20,1.0,71.1,132.1,31,72,6,21,3,23,58,44,6.9
2023-07-12,Wednesday,July,2023,Day,111,18,0.95,71.6,125.4,20,72,5,14,3,19,49,37,6.6
2023-07-13,Thursday,July,2023,Day,107,16,1.03,72.6,116.0,27,69,5,6,3,19,48,36,6.0
2023-07-14,Friday,July,2023,Night,114,18,0.97,60.4,97.0,20,64,5,25,3,20,51,38,7.3
2023-07-15,Saturday,July,2023,Night,97,19,0.79,63.0,94.6,18,62,3,14,2,17,43,32,6.7
2023-07-16,Sunday,July,2023,Evening,98,16,0.94,62.9,135.1,24,65,4,5,2,17,44,33,7.6
2023-07-17,Monday,July,2023,Evening,127,19,1.03,65.1,108.3,28,78,6,15,3,22,57,43,6.3
2023-07-18,Tuesday,July,2023,Night,143,17,1.29,75.1,138.3,34,84,9,16,4,25,64,48,6.4
2023-07-19,Wednesday,July,2023,Evening,128,19,1.04,62.4,130.5,32,85,6,5,3,23,57,43,6.9
2023-07-20,Thursday,July,2023,Day,110,18,0.94,62.8,111.6,27,73,5,5,3,19,49,37,6.9
2023-07-21,Friday,July,2023,Evening,122,18,1.04,70.3,161.0,28,72,6,16,3,21,54,41,7.1
2023-07-22,Saturday,July,2023,Day,105,18,0.9,65.4,108.4,23,57,4,21,3,18,47,35,7.0
2023-07-23,Sunday,July,2023,Day,100,20,0.77,53.7,100.6,25,64,3,8,3,18,45,34,6.6
2023-07-24,Monday,July,2023,Night,134,18,1.15,78.1,118.8,26,79,7,22,4,24,60,45,6.0
2023-07-25,Tuesday,July,2023,Evening,145,16,1.39,70.3,135.4,34,88,10,13,4,26,65,49,6.8
2023-07-26,Wednesday,July,2023,Day,124,20,0.95,60.3,111.3,28,80,5,11,3,22,55,42,6.7
2023-07-27,Thursday,July,2023,Night,119,21,0.87,69.3,149.2,30,70,5,14,3,21,53,40,7.1
2023-07-28,Friday,July,2023,Day,122,20,0.94,59.3,121.0,28,75,5,14,3,21,54,41,7.3
2023-07-29,Saturday,July,2023,Night,98,16,0.94,62.0,118.8,24,68,4,2,2,17,44,33,6.4
2023-07-30,Sunday,July,2023,Day,98,21,0.72,48.3,81.7,21,66,3,8,2,17,44,33,7.5
2023-07-31,Monday,July,2023,Night,139,15,1.43,83.8,129.7,25,76,9,29,4,25,62,47,5.7
2023-08-01,Tuesday,August,2023,Night,126,14,1.38,81.2,161.7,33,72,8,13,3,22,56,42,6.2
2023-08-02,Wednesday,August,2023,Evening,118,15,1.21,73.2,134.8,27,72,7,12,3,21,53,40,6.4
2023-08-03,Thursday,August,2023,Day,123,18,1.05,61.6,116.8,30,85,6,2,3,22,55,41,6.7
2023-08-04,Friday,August,2023,Night,111,16,1.07,63.2,119.1,22,65,5,19,3,19,49,37,6.8
2023-08-05,Saturday,August,2023,Night,100,16,0.96,63.4,115.6,22,60,4,14,3,18,45,34,6.4
2023-08-06,Sunday,August,2023,Day,86,18,0.74,54.8,109.2,15,52,3,16,2,15,38,29,7.2
2023-08-07,Monday,August,2023,Day,144,15,1.48,86.9,136.4,39,92,10,3,4,25,64,48,7.1
2023-08-08,Tuesday,August,2023,Day,121,17,1.1,66.1,128.5,28,76,6,11,3,21,54,41,6.6
2023-08-09,Wednesday,August,2023,Evening,128,17,1.16,72.1,135.5,24,79,7,18,3,23,57,43,7.3
2023-08-10,Thursday,August,2023,Evening,109,17,0.99,74.5,160.6,25,60,5,19,3,19,49,37,6.1
2023-08-11,Friday,August,2023,Day,129,16,1.24,74.3,124.3,26,74,8,21,3,23,58,43,6.8
2023-08-12,Saturday,August,2023,Night,107,15,1.1,69.4,119.5,24,74,5,4,3,19,48,36,6.9
2023-08-13,Sunday,August,2023,Evening,86,17,0.78,52.5,95.8,19,48,3,16,2,15,38,29,7.6
2023-08-14,Monday,August,2023,Evening,146,20,1.12,67.1,93.3,37,92,8,9,4,26,65,49,6.8
2023-08-15,Tuesday,August,2023,Day,139,19,1.13,69.1,106.1,34,92,7,6,4,25,62,47,6.7
2023-08-16,Wednesday,August,2023,Day,128,17,1.16,73.8,124.6,34,82,7,5,3,23,57,43,6.3
2023-08-17,Thursday,August,2023,Evening,116,16,1.12,70.6,130.0,26,80,6,4,3,20,52,39,6.7
2023-08-18,Friday,August,2023,Evening,134,20,1.03,73.4,114.3,24,84,6,20,4,24,60,45,6.5
2023-08-19,Saturday,August,2023,Day,106,16,1.02,68.8,127.9,24,69,5,8,3,19,47,36,6.8
2023-08-20,Sunday,August,2023,Day,95,17,0.86,65.9,117.3,24,57,4,10,2,17,42,32,5.9
2023-08-21,Monday,August,2023,Evening,143,16,1.38,77.9,130.3,36,92,9,6,4,25,64,48,5.6
2023-08-22,Tuesday,August,2023,Day,128,17,1.16,77.5,140.1,24,83,7,14,3,23,57,43,6.5
2023-08-23,Wednesday,August,2023,Evening,124,17,1.12,72.5,122.9,30,81,6,7,3,22,55,42,6.9
2023-08-24,Thursday,August,2023,Night,113,20,0.87,53.2,106.6,27,66,4,16,3,20,50,38,7.5
2023-08-25,Friday,August,2023,Day,126,16,1.21,74.2,108.0,33,79,7,7,3,22,56,42,5.6
2023-08-26,Saturday,August,2023,Night,111,17,1.0,60.5,105.6,29,65,5,12,3,19,49,37,7.2
2023-08-27,Sunday,August,2023,Evening,100,19,0.81,54.8,108.5,19,65,4,12,3,18,45,34,7.0
2023-08-28,Monday,August,2023,Day,126,14,1.38,78.9,117.9,26,83,8,9,3,22,56,42,6.7
2023-08-29,Tuesday,August,2023,Day,142,18,1.21,78.0,153.9,28,79,8,27,4,25,63,48,6.5
2023-08-30,Wednesday,August,2023,Day,127,18,1.09,66.1,108.0,33,81,6,7,3,22,57,43,6.8
2023-08-31,Thursday,August,2023,Evening,108,18,0.92,65.1,127.0,24,64,4,16,3,19,48,36,7.9
2023-09-01,Friday,September,2023,Evening,129,19,1.04,67.9,153.8,31,82,6,10,3,23,58,43,6.3
2023-09-02,Saturday,September,2023,Evening,96,16,0.92,62.1,107.9,23,66,4,3,2,17,43,32,6.0
2023-09-03,Sunday,September,2023,Day,100,22,0.7,53.5,94.7,21,62,3,14,3,18,45,34,7.1
2023-09-04,Monday,September,2023,Evening,128,17,1.16,61.0,116.6,26,74,7,21,3,23,57,43,6.5
2023-09-05,Tuesday,September,2023,Day,118,20,0.91,58.4,112.3,24,81,5,8,3,21,53,40,8.1
2023-09-06,Wednesday,September,2023,Evening,110,16,1.06,68.7,125.2,29,68,5,8,3,19,49,37,5.8
2023-09-07,Thursday,September,2023,Evening,129,17,1.17,68.4,102.5,28,88,7,6,3,23,58,43,6.0
2023-09-08,Friday,September,2023,Day,125,19,1.01,62.8,115.2,31,70,6,18,3,22,56,42,6.7
2023-09-09,Saturday,September,2023,Day,101,16,0.97,62.3,135.0,18,56,4,23,3,18,45,34,6.7
2023-09-10,Sunday,September,2023,Night,104,20,0.8,62.8,130.7,18,67,4,15,3,18,46,35,6.2
2023-09-11,Monday,September,2023,Evening,141,18,1.21,76.4,138.4,27,77,8,29,4,25,63,47,6.2
2023-09-12,Tuesday,September,2023,Night,126,23,0.84,56.3,71.9,31,81,5,9,3,22,56,42,7.4
2023-09-13,Wednesday,September,2023,Night,124,21,0.91,57.6,89.5,32,76,5,11,3,22,55,42,6.6
2023-09-14,Thursday,September,2023,Evening,125,14,1.37,76.5,110.2,30,81,8,6,3,22,56,42,6.9
2023-09-15,Friday,September,2023,Evening,119,17,1.08,62.0,97.1,21,76,6,16,3,21,53,40,6.8
2023-09-16,Saturday,September,2023,Day,98,17,0.89,56.9,119.1,23,59,4,12,2,17,44,33,6.6
2023-09-17,Sunday,September,2023,Night,105,21,0.77,53.5,95.6,19,65,4,17,3,18,47,35,6.8
2023-09-18,Monday,September,2023,Night,134,15,1.37,78.2,113.7,36,76,9,13,4,24,60,45,6.3
2023-09-19,Tuesday,September,2023,Day,127,18,1.09,72.9,108.1,27,80,6,14,3,22,57,43,6.0
2023-09-20,Wednesday,September,2023,Day,121,21,0.89,61.7,107.8,25,71,5,20,3,21,54,41,7.4
2023-09-21,Thursday,September,2023,Day,107,15,1.1,64.6,117.2,22,68,5,12,3,19,48,36,7.0
2023-09-22,Friday,September,2023,Day,121,17,1.1,80.5,149.3,28,77,6,10,3,21,54,41,6.7
2023-09-23,Saturday,September,2023,Evening,99,17,0.9,58.0,81.5,27,67,4,1,2,17,44,33,7.2
2023-09-24,Sunday,September,2023,Day,96,17,0.87,61.2,100.2,25,66,4,1,2,17,43,32,7.3
2023-09-25,Monday,September,2023,Day,136,17,1.23,76.2,141.0,29,80,8,19,4,24,61,46,6.9
2023-09-26,Tuesday,September,2023,Evening,138,18,1.18,60.1,148.9,36,96,8,0,4,24,62,46,6.9
2023-09-27,Wednesday,September,2023,Night,127,18,1.09,75.9,154.1,34,71,6,16,3,22,57,43,6.4
2023-09-28,Thursday,September,2023,Day,116,22,0.81,58.4,134.5,29,75,4,8,3,20,52,39,7.0
2023-09-29,Friday,September,2023,Night,117,20,0.9,58.3,91.5,32,64,5,16,3,21,52,39,6.8
2023-09-30,Saturday,September,2023,Night,105,16,1.01,69.7,133.2,20,69,5,11,3,18,47,35,7.0
2023-10-01,Sunday,October,2023,Evening,99,19,0.8,59.3,95.2,22,55,3,19,2,17,44,33,7.1
2023-10-02,Monday,October,2023,Night,135,17,1.22,71.1,129.6,37,75,8,15,4,24,60,45,6.6
2023-10-03,Tuesday,October,2023,Day,132,17,1.19,71.7,150.9,33,73,7,19,3,23,59,44,6.6
2023-10-04,Wednesday,October,2023,Night,117,16,1.12,66.2,132.3,31,71,6,9,3,21,52,39,6.5
2023-10-05,Thursday,October,2023,Evening,113,14,1.24,74.0,134.4,27,68,7,11,3,20,50,38,6.5
2023-10-06,Friday,October,2023,Evening,113,18,0.97,68.7,156.5,27,63,5,18,3,20,50,38,6.2
2023-10-07,Saturday,October,2023,Night,96,19,0.78,58.9,109.6,22,54,3,17,2,17,43,32,7.6
2023-10-08,Sunday,October,2023,Day,91,14,1.0,64.9,121.8,16,60,4,11,2,16,40,30,6.5
2023-10-09,Monday,October,2023,Day,124,16,1.19,72.8,145.4,23,83,7,11,3,22,55,42,6.2
2023-10-10,Tuesday,October,2023,Day,125,16,1.2,78.7,137.6,25,84,7,9,3,22,56,42,6.1
2023-10-11,Wednesday,October,2023,Evening,126,17,1.14,75.3,132.1,34,70,7,15,3,22,56,42,6.8
2023-10-12,Thursday,October,2023,Night,117,21,0.86,52.6,102.5,28,81,5,3,3,21,52,39,6.9
2023-10-13,Friday,October,2023,Day,133,15,1.36,84.9,155.9,32,74,9,18,3,23,59,45,6.1
2023-10-14,Saturday,October,2023,Day,111,12,1.42,82.0,126.0,24,67,7,13,3,19,49,37,6.2
2023-10-15,Sunday,October,2023,Night,101,20,0.78,54.5,92.2,24,62,3,12,3,18,45,34,7.4
2023-10-16,Monday,October,2023,Day,130,19,1.05,75.1,124.0,31,85,6,8,3,23,58,44,6.3
2023-10-17,Tuesday,October,2023,Day,135,21,0.99,60.8,112.3,28,81,6,20,4,24,60,45,6.9
2023-10-18,Wednesday,October,2023,Evening,110,14,1.21,73.9,110.1,20,62,6,22,3,19,49,37,6.1
2023-10-19,Thursday,October,2023,Evening,117,19,0.95,50.8,90.3,26,81,5,5,3,21,52,39,7.3
2023-10-20,Friday,October,2023,Day,126,20,0.97,60.2,110.2,34,71,6,15,3,22,56,42,7.6
2023-10-21,Saturday,October,2023,Day,107,17,0.97,64.7,131.2,24,64,5,14,3,19,48,36,6.5
2023-10-22,Sunday,October,2023,Day,86,19,0.7,46.1,93.0,19,52,2,13,2,15,38,29,7.7
2023-10-23,Monday,October,2023,Night,126,16,1.21,69.5,150.2,28,70,7,21,3,22,56,42,6.6
2023-10-24,Tuesday,October,2023,Day,143,19,1.16,71.6,125.8,28,82,8,25,4,25,64,48,6.4
2023-10-25,Wednesday,October,2023,Evening,122,18,1.04,73.8,137.7,29,74,6,13,3,21,54,41,6.4
2023-10-26,Thursday,October,2023,Day,111,19,0.9,59.8,103.7,29,72,4,6,3,19,49,37,6.3
2023-10-27,Friday,October,2023,Evening,113,15,1.16,70.6,127.6,23,70,6,14,3,20,50,38,6.9
2023-10-28,Saturday,October,2023,Day,93,19,0.75,52.0,126.4,20,51,3,19,2,16,41,31,6.5
2023-10-29,Sunday,October,2023,Evening,94,18,0.8,59.0,106.9,19,57,3,15,2,16,42,31,7.2
2023-10-30,Monday,October,2023,Night,126,18,1.08,68.3,131.2,34,87,6,0,3,22,56,42,6.5
2023-10-31,Tuesday,October,2023,Day,132,17,1.19,66.6,105.5,32,85,7,8,3,23,59,44,7.1
2023-11-01,Wednesday,November,2023,Day,121,17,1.1,76.6,147.2,24,78,6,13,3,21,54,41,6.4
2023-11-02,Thursday,November,2023,Evening,113,18,0.97,67.2,118.7,20,70,5,18,3,20,50,38,6.4
2023-11-03,Friday,November,2023,Night,113,16,1.09,60.6,88.9,28,77,6,2,3,20,50,38,6.3
2023-11-04,Saturday,November,2023,Day,103,20,0.79,53.7,102.8,22,66,4,11,3,18,46,35,6.6
2023-11-05,Sunday,November,2023,Evening,90,14,0.99,64.7,119.7,18,62,4,6,2,16,40,30,6.8
2023-11-06,Monday,November,2023,Night,136,19,1.1,82.2,135.9,29,93,7,7,4,24,61,46,6.6
2023-11-07,Tuesday,November,2023,Day,142,20,1.09,66.7,114.6,28,90,7,17,4,25,63,48,5.4
2023-11-08,Wednesday,November,2023,Night,115,17,1.04,68.8,124.0,25,77,5,8,3,20,51,39,7.0
2023-11-09,Thursday,November,2023,Day,113,20,0.87,63.5,100.0,30,71,4,8,3,20,50,38,7.1
2023-11-10,Friday,November,2023,Day,120,19,0.97,51.1,81.0,25,70,5,20,3,21,54,40,6.9
2023-11-11,Saturday,November,2023,Evening,106,20,0.82,61.7,107.3,22,63,4,17,3,19,47,36,7.4
2023-11-12,Sunday,November,2023,Evening,102,17,0.92,56.2,123.1,25,57,4,16,3,18,45,34,6.4
2023-11-13,Monday,November,2023,Evening,143,18,1.22,71.0,136.3,26,84,8,25,4,25,64,48,6.7
2023-11-14,Tuesday,November,2023,Night,126,19,1.02,69.8,126.1,29,76,6,15,3,22,56,42,6.3
2023-11-15,Wednesday,November,2023,Night,127,20,0.98,69.1,136.6,31,83,6,7,3,22,57,43,6.7
2023-11-16,Thursday,November,2023,Evening,112,16,1.08,70.8,108.0,31,75,6,0,3,20,50,38,6.2
2023-11-17,Friday,November,2023,Evening,127,19,1.03,66.6,84.0,24,84,6,13,3,22,57,43,6.8
2023-11-18,Saturday,November,2023,Night,99,17,0.9,63.1,125.2,25,62,4,8,2,17,44,33,6.5
2023-11-19,Sunday,November,2023,Day,87,21,0.64,50.7,87.7,22,55,2,8,2,15,39,29,7.4
2023-11-20,Monday,November,2023,Evening,127,15,1.3,72.0,135.2,32,74,8,13,3,22,57,43,6.9
2023-11-21,Tuesday,November,2023,Day,133,18,1.14,67.3,106.1,28,85,7,13,3,23,59,45,6.3
2023-11-22,Wednesday,November,2023,Day,125,16,1.2,72.3,119.6,27,81,7,10,3,22,56,42,7.0
2023-11-23,Thursday,November,2023,Evening,107,19,0.87,58.9,126.8,26,62,4,15,3,19,48,36,7.5
2023-11-24,Friday,November,2023,Evening,128,17,1.16,68.7,116.1,35,71,7,15,3,23,57,43,6.0
2023-11-25,Saturday,November,2023,Day,95,21,0.7,49.8,80.0,20,57,3,15,2,17,42,32,8.0
2023-11-26,Sunday,November,2023,Day,90,14,0.99,63.9,129.2,24,57,4,5,2,16,40,30,6.4
2023-11-27,Monday,November,2023,Day,126,17,1.14,71.5,131.7,30,81,7,8,3,22,56,42,6.3
2023-11-28,Tuesday,November,2023,Night,119,20,0.92,66.7,96.4,24,76,5,14,3,21,53,40,7.1
2023-11-29,Wednesday,November,2023,Day,130,17,1.18,73.4,157.1,32,79,7,12,3,23,58,44,6.8
2023-11-30,Thursday,November,2023,Evening,119,17,1.08,60.0,106.4,31,68,6,14,3,21,53,40,7.2
2023-12-01,Friday,December,2023,Evening,160,16,1.54,85.8,159.2,35,94,12,19,4,28,72,54,6.2
2023-12-02,Saturday,December,2023,Day,127,18,1.09,68.0,145.9,25,83,6,13,3,22,57,43,7.2
2023-12-03,Sunday,December,2023,Evening,108,18,0.92,64.8,106.2,22,60,4,22,3,19,48,36,6.5
2023-12-04,Monday,December,2023,Evening,173,21,1.27,80.7,151.4,45,119,10,0,5,31,77,58,6.5
2023-12-05,Tuesday,December,2023,Night,148,20,1.14,73.9,135.3,27,89,8,24,4,26,66,50,7.2
2023-12-06,Wednesday,December,2023,Evening,146,14,1.6,90.6,175.2,36,97,11,2,4,26,65,49,5.9
2023-12-07,Thursday,December,2023,Day,144,19,1.17,66.6,95.6,35,99,8,2,4,25,64,48,6.0
2023-12-08,Friday,December,2023,Day,156,17,1.41,72.6,120.3,35,107,11,3,4,28,70,53,6.6
2023-12-09,Saturday,December,2023,Day,128,21,0.94,57.4,92.8,25,71,6,26,3,23,57,43,6.9
2023-12-10,Sunday,December,2023,Day,118,18,1.01,66.2,108.7,24,70,5,19,3,21,53,40,6.9
2023-12-11,Monday,December,2023,Night,166,13,1.96,106.2,206.9,42,98,16,10,4,29,74,56,5.3
2023-12-12,Tuesday,December,2023,Day,172,15,1.76,88.7,170.3,46,97,15,14,5,30,77,58,6.0
2023-12-13,Wednesday,December,2023,Evening,145,15,1.49,84.6,158.5,38,98,10,0,4,26,65,49,6.5
2023-12-14,Thursday,December,2023,Day,139,15,1.43,83.8,136.0,34,81,9,15,4,25,62,47,6.4
2023-12-15,Friday,December,2023,Day,137,18,1.17,80.6,140.9,29,77,8,23,4,24,61,46,6.5
2023-12-16,Saturday,December,2023,Night,122,15,1.25,78.1,138.4,24,71,7,20,3,21,54,41,6.2
2023-12-17,Sunday,December,2023,Day,117,13,1.38,87.4,177.4,29,76,8,4,3,21,52,39,5.2
2023-12-18,Monday,December,2023,Day,165,20,1.27,74.6,142.5,31,105,10,19,4,29,74,56,7.4
2023-12-19,Tuesday,December,2023,Evening,153,18,1.31,73.3,124.8,41,88,10,14,4,27,68,52,6.0
2023-12-20,Wednesday,December,2023,Day,141,17,1.28,72.2,160.4,35,82,8,16,4,25,63,47,7.0
2023-12-21,Thursday,December,2023,Night,147,20,1.13,70.9,133.0,33,88,8,18,4,26,66,49,6.8
2023-12-22,Friday,December,2023,Night,145,18,1.24,73.1,130.2,27,88,8,22,4,26,65,49,7.0
2023-12-23,Saturday,December,2023,Day,132,17,1.19,77.5,146.9,24,85,7,16,3,23,59,44,6.4
2023-12-24,Sunday,December,2023,Day,112,17,1.01,72.3,114.0,24,67,5,16,3,20,50,38,6.3
2023-12-25,Monday,December,2023,Evening,161,21,1.18,70.8,146.8,29,93,9,30,4,28,72,54,7.0
2023-12-26,Tuesday,December,2023,Evening,157,18,1.34,86.2,176.1,40,105,10,2,4,28,70,53,6.3
2023-12-27,Wednesday,December,2023,Evening,133,20,1.02,73.6,121.7,26,90,6,11,3,23,59,45,6.8
2023-12-28,Thursday,December,2023,Day,152,19,1.23,81.4,158.3,36,98,9,9,4,27,68,51,6.4
2023-12-29,Friday,December,2023,Evening,146,16,1.4,85.8,145.0,29,85,10,22,4,26,65,49,5.7
2023-12-30,Saturday,December,2023,Evening,132,15,1.35,79.3,146.1,28,88,8,8,3,23,59,44,6.2
2023-12-31,Sunday,December,2023,Day,122,19,0.99,59.0,107.7,29,73,6,14,3,21,54,41,7.0
2024-01-01,Monday,January,2024,Night,155,15,1.59,92.1,142.9,38,104,12,1,4,27,69,52,6.2
2024-01-02,Tuesday,January,2024,Night,166,16,1.6,96.0,165.9,34,92,13,27,4,29,74,56,5.8
2024-01-03,Wednesday,January,2024,Day,136,16,1.31,77.6,121.1,36,92,8,0,4,24,61,46,6.9
2024-01-04,Thursday,January,2024,Day,152,17,1.38,83.2,139.2,28,106,10,8,4,27,68,51,6.3
2024-01-05,Friday,January,2024,Day,154,18,1.32,79.2,141.1,29,85,10,30,4,27,69,52,6.2
2024-01-06,Saturday,January,2024,Evening,129,14,1.42,84.9,134.8,23,85,9,12,3,23,58,43,6.4
2024-01-07,Sunday,January,2024,Night,121,20,0.93,72.3,144.6,28,77,5,11,3,21,54,41,6.7
2024-01-08,Monday,January,2024,Night,174,21,1.27,73.5,112.0,41,119,11,3,5,31,78,59,6.3
2024-01-09,Tuesday,January,2024,Day,153,15,1.57,88.5,176.1,38,97,12,6,4,27,68,52,6.3
2024-01-10,Wednesday,January,2024,Evening,142,20,1.09,74.5,142.5,27,88,7,20,4,25,63,48,6.5
2024-01-11,Thursday,January,2024,Evening,146,15,1.5,89.2,166.6,35,84,10,17,4,26,65,49,5.6
2024-01-12,Friday,January,2024,Night,145,19,1.17,74.3,141.6,36,97,8,4,4,26,65,49,7.1
2024-01-13,Saturday,January,2024,Night,133,16,1.28,91.5,148.2,31,78,8,16,3,23,59,45,5.8
2024-01-14,Sunday,January,2024,Night,117,14,1.29,82.0,135.5,28,79,7,3,3,21,52,39,6.2
2024-01-15,Monday,January,2024,Night,170,18,1.45,81.4,144.0,43,100,12,15,5,30,76,57,6.4
2024-01-16,Tuesday,January,2024,Day,174,18,1.49,84.9,170.7,32,104,12,26,5,31,78,59,6.1
2024-01-17,Wednesday,January,2024,Evening,157,18,1.34,80.2,134.4,31,91,10,25,4,28,70,53,6.3
2024-01-18,Thursday,January,2024,Day,134,14,1.47,81.6,137.7,28,78,9,19,4,24,60,45,6.7
2024-01-19,Friday,January,2024,Day,139,20,1.07,62.1,106.1,29,94,7,9,4,25,62,47,7.1
2024-01-20,Saturday,January,2024,Evening,112,14,1.23,73.5,152.6,21,71,6,14,3,20,50,38,6.7
2024-01-21,Sunday,January,2024,Night,106,15,1.09,72.4,117.6,23,63,5,15,3,19,47,36,6.6
2024-01-22,Monday,January,2024,Night,150,15,1.54,74.9,142.9,37,99,11,3,4,27,67,51,7.2
2024-01-23,Tuesday,January,2024,Evening,152,20,1.17,72.5,112.7,34,100,8,10,4,27,68,51,6.4
2024-01-24,Wednesday,January,2024,Night,143,17,1.29,81.9,143.3,30,88,9,16,4,25,64,48,6.7
2024-01-25,Thursday,January,2024,Evening,130,18,1.11,63.2,108.5,31,75,7,17,3,23,58,44,8.0
2024-01-26,Friday,January,2024,Day,143,16,1.38,82.0,128.2,29,83,9,22,4,25,64,48,6.4
2024-01-27,Saturday,January,2024,Night,130,18,1.11,68.5,124.3,25,78,7,20,3,23,58,44,6.9
2024-01-28,Sunday,January,2024,Day,112,18,0.96,59.1,112.4,22,72,5,13,3,20,50,38,7.2
2024-01-29,Monday,January,2024,Day,156,17,1.41,84.2,156.0,37,103,11,5,4,28,70,53,6.3
2024-01-30,Tuesday,January,2024,Day,157,16,1.51,84.1,163.8,28,93,11,25,4,28,70,53,6.2
2024-01-31,Wednesday,January,2024,Evening,136,17,1.23,78.7,165.5,26,84,8,18,4,24,61,46,6.3
2024-02-01,Thursday,February,2024,Night,143,20,1.1,67.2,112.0,33,91,7,12,4,25,64,48,6.3
2024-02-02,Friday,February,2024,Day,147,16,1.41,81.5,147.5,32,99,10,6,4,26,66,49,6.1
2024-02-03,Saturday,February,2024,Day,110,14,1.21,71.8,133.0,22,63,6,19,3,19,49,37,6.2
2024-02-04,Sunday,February,2024,Evening,122,20,0.94,59.5,112.0,24,79,5,14,3,21,54,41,6.8
2024-02-05,Monday,February,2024,Day,179,16,1.72,93.0,190.4,36,107,15,21,5,32,80,60,6.0
2024-02-06,Tuesday,February,2024,Night,173,19,1.4,82.0,158.0,42,103,12,16,5,31,77,58,5.7
2024-02-07,Wednesday,February,2024,Evening,156,18,1.33,81.0,131.4,43,86,10,17,4,28,70,53,5.9
2024-02-08,Thursday,February,2024,Night,146,15,1.5,78.5,139.7,30,87,10,19,4,26,65,49,6.1
2024-02-09,Friday,February,2024,Evening,159,17,1.44,76.8,121.8,44,98,11,6,4,28,71,54,6.6
2024-02-10,Saturday,February,2024,Night,116,22,0.81,55.6,112.5,27,79,4,6,3,20,52,39,7.5
2024-02-11,Sunday,February,2024,Night,121,19,0.98,58.6,79.9,32,82,5,2,3,21,54,41,6.4
2024-02-12,Monday,February,2024,Night,159,15,1.63,94.9,163.3,34,97,12,16,4,28,71,54,5.6
2024-02-13,Tuesday,February,2024,Evening,146,18,1.25,83.5,149.4,30,93,9,14,4,26,65,49,5.5
2024-02-14,Wednesday,February,2024,Night,134,18,1.15,65.8,114.3,33,86,7,8,4,24,60,45,7.1
2024-02-15,Thursday,February,2024,Night,150,21,1.1,73.0,128.1,31,82,8,29,4,27,67,51,6.9
2024-02-16,Friday,February,2024,Day,155,18,1.32,73.4,116.7,43,90,10,12,4,27,69,52,6.5
2024-02-17,Saturday,February,2024,Night,124,18,1.06,77.8,113.9,33,83,6,2,3,22,55,42,6.6
2024-02-18,Sunday,February,2024,Evening,109,17,0.99,66.7,113.6,20,71,5,13,3,19,49,37,6.7
2024-02-19,Monday,February,2024,Evening,156,15,1.6,92.3,138.2,40,105,12,0,4,28,70,53,6.3
2024-02-20,Tuesday,February,2024,Evening,153,20,1.18,69.5,108.9,28,94,9,22,4,27,68,52,6.4
2024-02-21,Wednesday,February,2024,Day,153,16,1.47,77.3,146.4,33,94,11,15,4,27,68,52,6.6
2024-02-22,Thursday,February,2024,Evening,153,18,1.31,87.1,156.4,33,87,10,23,4,27,68,52,5.9
2024-02-23,Friday,February,2024,Night,160,21,1.17,74.4,131.9,30,102,9,19,4,28,72,54,6.2
2024-02-24,Saturday,February,2024,Evening,126,17,1.14,67.5,88.7,33,84,7,2,3,22,56,42,7.2
2024-02-25,Sunday,February,2024,Day,112,17,1.01,64.1,99.3,27,72,5,8,3,20,50,38,6.1
2024-02-26,Monday,February,2024,Day,162,17,1.47,81.9,129.4,43,102,11,6,4,29,72,55,6.2
2024-02-27,Tuesday,February,2024,Evening,158,18,1.35,77.7,160.4,34,104,10,10,4,28,71,53,7.0
2024-02-28,Wednesday,February,2024,Night,149,21,1.09,66.1,114.5,39,94,8,8,4,26,67,50,6.9
2024-02-29,Thursday,February,2024,Day,139,19,1.13,69.0,134.0,31,87,7,14,4,25,62,47,6.5
2024-03-01,Friday,March,2024,Night,124,17,1.12,69.5,147.7,26,80,6,12,3,22,55,42,6.4
2024-03-02,Saturday,March,2024,Day,111,20,0.85,56.8,103.3,27,72,4,8,3,19,49,37,7.0
2024-03-03,Sunday,March,2024,Day,104,18,0.89,54.8,87.9,24,63,4,13,3,18,46,35,6.8
2024-03-04,Monday,March,2024,Evening,128,20,0.98,62.0,99.0,23,83,6,16,3,23,57,43,6.8
2024-03-05,Tuesday,March,2024,Day,123,17,1.11,67.0,111.7,22,78,6,17,3,22,55,41,6.7
2024-03-06,Wednesday,March,2024,Day,108,17,0.98,64.3,105.6,19,68,5,16,3,19,48,36,7.3
2024-03-07,Thursday,March,2024,Evening,128,14,1.41,83.0,134.1,34,77,9,8,3,23,57,43,6.6
2024-03-08,Friday,March,2024,Night,111,20,0.85,57.8,95.2,22,74,4,11,3,19,49,37,7.3
2024-03-09,Saturday,March,2024,Evening,93,14,1.02,62.8,123.2,17,58,4,14,2,16,41,31,6.6
2024-03-10,Sunday,March,2024,Day,92,19,0.74,42.9,81.0,23,61,3,5,2,16,41,31,7.1
2024-03-11,Monday,March,2024,Day,128,16,1.23,67.5,147.0,23,71,7,27,3,23,57,43,6.4
2024-03-12,Tuesday,March,2024,Day,137,19,1.11,63.7,122.5,36,81,7,13,4,24,61,46,6.7
2024-03-13,Wednesday,March,2024,Day,117,19,0.95,57.2,110.7,30,71,5,11,3,21,52,39,7.5
2024-03-14,Thursday,March,2024,Night,123,20,0.95,57.1,97.1,34,70,5,14,3,22,55,41,7.0
2024-03-15,Friday,March,2024,Evening,134,19,1.09,74.0,149.0,27,83,7,17,4,24,60,45,6.6
2024-03-16,Saturday,March,2024,Evening,100,14,1.1,65.0,134.2,20,69,5,6,3,18,45,34,6.9
2024-03-17,Sunday,March,2024,Day,102,20,0.78,57.9,114.2,20,69,4,9,3,18,45,34,6.8
2024-03-18,Monday,March,2024,Evening,127,17,1.15,75.4,149.2,30,82,7,8,3,22,57,43,7.2
2024-03-19,Tuesday,March,2024,Evening,130,19,1.05,63.3,124.9,26,83,6,15,3,23,58,44,6.5
2024-03-20,Wednesday,March,2024,Evening,113,20,0.87,61.4,106.2,30,67,4,12,3,20,50,38,6.1
2024-03-21,Thursday,March,2024,Day,106,17,0.96,61.8,112.4,23,67,5,11,3,19,47,36,6.8
2024-03-22,Friday,March,2024,Day,117,18,1.0,65.4,142.1,26,65,5,21,3,21,52,39,7.6
2024-03-23,Saturday,March,2024,Evening,104,19,0.84,57.5,87.5,26,61,4,13,3,18,46,35,7.0
2024-03-24,Sunday,March,2024,Day,99,18,0.85,59.6,125.0,27,58,4,10,2,17,44,33,7.5
2024-03-25,Monday,March,2024,Day,131,19,1.06,61.7,129.2,23,86,6,16,3,23,58,44,7.6
2024-03-26,Tuesday,March,2024,Night,136,14,1.49,88.3,147.5,29,89,10,8,4,24,61,46,6.2
2024-03-27,Wednesday,March,2024,Evening,110,15,1.13,66.3,119.7,29,76,6,0,3,19,49,37,6.7
2024-03-28,Thursday,March,2024,Day,117,18,1.0,60.8,130.7,25,68,5,19,3,21,52,39,6.3
2024-03-29,Friday,March,2024,Night,117,17,1.06,68.7,139.7,32,74,6,5,3,21,52,39,6.7
2024-03-30,Saturday,March,2024,Evening,98,16,0.94,54.5,116.2,20,55,4,19,2,17,44,33,7.6
2024-03-31,Sunday,March,2024,Evening,88,21,0.64,54.3,113.3,23,54,2,9,2,15,39,29,7.5
2024-04-01,Monday,April,2024,Night,141,17,1.28,67.4,137.0,28,80,8,25,4,25,63,47,6.9
2024-04-02,Tuesday,April,2024,Evening,121,23,0.81,54.2,84.8,22,68,4,27,3,21,54,41,7.2
2024-04-03,Wednesday,April,2024,Evening,121,19,0.98,57.8,133.6,24,72,5,20,3,21,54,41,7.1
2024-04-04,Thursday,April,2024,Day,126,18,1.08,74.5,122.1,30,78,6,12,3,22,56,42,7.1
2024-04-05,Friday,April,2024,Day,127,13,1.5,89.2,154.9,32,83,9,3,3,22,57,43,6.0
2024-04-06,Saturday,April,2024,Day,105,20,0.81,54.4,64.1,28,61,4,12,3,18,47,35,6.7
2024-04-07,Sunday,April,2024,Evening,97,17,0.88,61.8,108.5,22,55,4,16,2,17,43,32,6.7
2024-04-08,Monday,April,2024,Day,151,13,1.79,93.0,153.5,40,92,13,6,4,27,67,51,5.8
2024-04-09,Tuesday,April,2024,Evening,136,21,1.0,61.0,112.4,37,77,6,16,4,24,61,46,7.2
2024-04-10,Wednesday,April,2024,Evening,122,14,1.34,86.1,142.5,26,70,8,18,3,21,54,41,6.0
2024-04-11,Thursday,April,2024,Night,110,18,0.94,59.2,121.5,26,66,5,13,3,19,49,37,7.1
2024-04-12,Friday,April,2024,Day,123,18,1.05,63.1,110.5,25,70,6,22,3,22,55,41,7.2
2024-04-13,Saturday,April,2024,Evening,100,16,0.96,64.3,133.8,18,62,4,16,3,18,45,34,7.0
2024-04-14,Sunday,April,2024,Evening,102,16,0.98,68.7,132.1,18,62,5,17,3,18,45,34,6.4
2024-04-15,Monday,April,2024,Night,140,18,1.2,75.2,156.0,38,77,8,17,4,25,63,47,6.5
2024-04-16,Tuesday,April,2024,Day,121,16,1.16,75.8,133.8,29,73,7,12,3,21,54,41,6.0
2024-04-17,Wednesday,April,2024,Night,122,17,1.1,73.2,127.4,22,82,6,12,3,21,54,41,6.0
2024-04-18,Thursday,April,2024,Evening,119,20,0.92,58.8,124.9,28,79,5,7,3,21,53,40,7.1
2024-04-19,Friday,April,2024,Day,120,18,1.03,68.9,103.9,29,76,6,9,3,21,54,40,6.9
2024-04-20,Saturday,April,2024,Evening,93,20,0.72,56.4,78.4,22,52,3,16,2,16,41,31,7.2
2024-04-21,Sunday,April,2024,Evening,89,16,0.86,56.5,93.6,19,55,3,12,2,16,40,30,7.1
2024-04-22,Monday,April,2024,Evening,134,17,1.21,74.5,123.2,25,85,8,16,4,24,60,45,6.5
2024-04-23,Tuesday,April,2024,Night,141,19,1.14,71.0,159.4,26,97,8,10,4,25,63,47,6.9
2024-04-24,Wednesday,April,2024,Evening,115,14,1.26,76.1,141.8,22,69,7,17,3,20,51,39,6.5
2024-04-25,Thursday,April,2024,Day,107,15,1.1,77.7,100.2,19,64,5,19,3,19,48,36,6.3
2024-04-26,Friday,April,2024,Day,112,18,0.96,65.8,104.7,24,65,5,18,3,20,50,38,7.3
2024-04-27,Saturday,April,2024,Day,95,19,0.77,61.0,88.7,25,53,3,14,2,17,42,32,8.0
2024-04-28,Sunday,April,2024,Night,93,19,0.75,53.4,88.7,20,56,3,14,2,16,41,31,7.5
2024-04-29,Monday,April,2024,Night,129,16,1.24,80.0,135.7,30,87,8,4,3,23,58,43,7.0
2024-04-30,Tuesday,April,2024,Evening,141,18,1.21,71.4,124.8,33,86,8,14,4,25,63,47,6.2
2024-05-01,Wednesday,May,2024,Night,131,18,1.12,65.6,103.1,25,90,7,9,3,23,58,44,6.7
2024-05-02,Thursday,May,2024,Evening,127,20,0.98,58.2,65.4,27,81,6,13,3,22,57,43,6.9
2024-05-03,Friday,May,2024,Day,114,23,0.76,48.7,66.7,28,63,4,19,3,20,51,38,7.5
2024-05-04,Saturday,May,2024,Evening,107,14,1.18,74.2,142.8,27,70,6,4,3,19,48,36,7.2
2024-05-05,Sunday,May,2024,Day,95,17,0.86,56.3,128.5,21,56,4,14,2,17,42,32,6.5
2024-05-06,Monday,May,2024,Evening,137,19,1.11,64.8,117.6,37,78,7,15,4,24,61,46,6.7
2024-05-07,Tuesday,May,2024,Day,121,19,0.98,74.8,143.3,32,70,5,14,3,21,54,41,5.5
2024-05-08,Wednesday,May,2024,Night,128,19,1.04,67.4,140.1,28,84,6,10,3,23,57,43,6.9
2024-05-09,Thursday,May,2024,Evening,119,16,1.14,66.8,110.8,25,75,6,13,3,21,53,40,6.5
2024-05-10,Friday,May,2024,Night,120,16,1.15,72.2,107.6,24,73,6,17,3,21,54,40,6.6
2024-05-11,Saturday,May,2024,Evening,92,20,0.71,59.2,104.9,21,59,3,9,2,16,41,31,7.4
2024-05-12,Sunday,May,2024,Night,104,19,0.84,56.9,98.3,21,59,4,20,3,18,46,35,7.3
2024-05-13,Monday,May,2024,Day,138,15,1.42,85.4,165.6,29,84,9,16,4,24,62,46,6.5
2024-05-14,Tuesday,May,2024,Night,144,19,1.17,72.6,145.7,36,94,8,6,4,25,64,48,6.3
2024-05-15,Wednesday,May,2024,Day,117,18,1.0,60.9,117.6,23,73,5,16,3,21,52,39,7.6
2024-05-16,Thursday,May,2024,Night,115,20,0.88,64.2,108.0,23,66,5,21,3,20,51,39,6.3
2024-05-17,Friday,May,2024,Day,132,20,1.02,62.2,89.3,24,82,6,20,3,23,59,44,6.5
2024-05-18,Saturday,May,2024,Night,96,19,0.78,53.2,90.1,25,65,3,3,2,17,43,32,7.5
2024-05-19,Sunday,May,2024,Evening,89,18,0.76,56.1,84.0,20,57,3,9,2,16,40,30,7.6
2024-05-20,Monday,May,2024,Night,127,19,1.03,63.1,111.6,31,84,6,6,3,22,57,43,7.0
2024-05-21,Tuesday,May,2024,Day,143,19,1.16,69.2,130.6,36,93,8,6,4,25,64,48,6.4
2024-05-22,Wednesday,May,2024,Evening,128,17,1.16,80.4,139.5,25,86,7,10,3,23,57,43,6.7
2024-05-23,Thursday,May,2024,Evening,110,18,0.94,71.6,116.0,28,74,5,3,3,19,49,37,7.5
2024-05-24,Friday,May,2024,Day,112,18,0.96,68.0,107.7,30,73,5,4,3,20,50,38,7.3
2024-05-25,Saturday,May,2024,Day,100,18,0.85,60.1,87.4,20,69,4,7,3,18,45,34,7.3
2024-05-26,Sunday,May,2024,Day,101,15,1.04,64.9,117.2,28,61,5,7,3,18,45,34,6.7
2024-05-27,Monday,May,2024,Night,133,12,1.71,97.9,176.4,30,75,11,17,3,23,59,45,6.2
2024-05-28,Tuesday,May,2024,Day,125,18,1.07,64.9,93.5,27,83,6,9,3,22,56,42,7.5
2024-05-29,Wednesday,May,2024,Day,127,16,1.22,83.0,124.6,32,79,7,9,3,22,57,43,6.1
2024-05-30,Thursday,May,2024,Evening,119,17,1.08,68.2,119.3,22,69,6,22,3,21,53,40,7.0
2024-05-31,Friday,May,2024,Day,115,18,0.98,67.7,124.1,31,70,5,9,3,20,51,39,6.6
2024-06-01,Saturday,June,2024,Night,102,15,1.05,59.4,128.8,19,56,5,22,3,18,45,34,7.3
2024-06-02,Sunday,June,2024,Evening,90,17,0.81,55.3,90.9,20,58,3,9,2,16,40,30,7.6
2024-06-03,Monday,June,2024,Day,147,17,1.33,85.7,154.1,40,97,9,1,4,26,66,49,6.3
2024-06-04,Tuesday,June,2024,Night,133,18,1.14,67.7,100.5,34,79,7,13,3,23,59,45,6.5
2024-06-05,Wednesday,June,2024,Day,108,15,1.11,65.4,121.3,22,66,5,15,3,19,48,36,6.3
2024-06-06,Thursday,June,2024,Day,126,17,1.14,75.2,124.5,34,70,7,15,3,22,56,42,6.4
2024-06-07,Friday,June,2024,Day,117,16,1.12,67.5,115.7,28,66,6,17,3,21,52,39,6.9
2024-06-08,Saturday,June,2024,Night,110,18,0.94,60.3,96.5,30,64,5,11,3,19,49,37,7.0
2024-06-09,Sunday,June,2024,Day,89,21,0.65,51.4,82.9,18,53,2,16,2,16,40,30,6.9
2024-06-10,Monday,June,2024,Evening,139,18,1.19,68.2,115.1,32,93,8,6,4,25,62,47,6.4
2024-06-11,Tuesday,June,2024,Day,135,18,1.15,65.2,114.1,29,75,7,24,4,24,60,45,6.5
2024-06-12,Wednesday,June,2024,Day,130,17,1.18,74.1,141.7,25,86,7,12,3,23,58,44,6.5
2024-06-13,Thursday,June,2024,Night,128,20,0.98,61.6,128.8,25,73,6,24,3,23,57,43,6.4
2024-06-14,Friday,June,2024,Day,132,18,1.13,74.4,115.2,32,79,7,14,3,23,59,44,6.1
2024-06-15,Saturday,June,2024,Evening,103,17,0.93,68.2,118.6,20,61,4,18,3,18,46,35,6.6
2024-06-16,Sunday,June,2024,Day,97,16,0.93,69.3,117.4,22,65,4,6,2,17,43,32,6.9
2024-06-17,Monday,June,2024,Day,127,17,1.15,75.0,118.4,23,81,7,16,3,22,57,43,7.0
2024-06-18,Tuesday,June,2024,Day,129,16,1.24,73.3,116.0,27,88,8,6,3,23,58,43,6.5
2024-06-19,Wednesday,June,2024,Day,131,19,1.06,63.4,129.2,30,82,6,13,3,23,58,44,6.9
2024-06-20,Thursday,June,2024,Evening,109,17,0.99,67.4,141.2,23,75,5,6,3,19,49,37,6.5
2024-06-21,Friday,June,2024,Day,124,17,1.12,61.5,121.9,33,76,6,9,3,22,55,42,6.6
2024-06-22,Saturday,June,2024,Night,111,16,1.07,53.2,106.2,26,73,5,7,3,19,49,37,7.1
2024-06-23,Sunday,June,2024,Evening,92,20,0.71,52.2,111.9,25,59,3,5,2,16,41,31,7.0
2024-06-24,Monday,June,2024,Evening,146,17,1.32,83.3,148.1,36,90,9,11,4,26,65,49,6.0
2024-06-25,Tuesday,June,2024,Evening,128,15,1.31,80.0,148.5,25,76,8,19,3,23,57,43,7.0
2024-06-26,Wednesday,June,2024,Evening,119,16,1.14,57.8,104.9,29,69,6,15,3,21,53,40,7.5
2024-06-27,Thursday,June,2024,Evening,108,19,0.87,54.0,99.9,21,71,4,12,3,19,48,36,7.7
2024-06-28,Friday,June,2024,Day,128,14,1.41,85.6,145.5,34,72,9,13,3,23,57,43,6.2
2024-06-29,Saturday,June,2024,Day,108,14,1.19,80.0,161.5,23,73,6,6,3,19,48,36,6.3
2024-06-30,Sunday,June,2024,Evening,101,17,0.91,63.4,96.0,25,63,4,9,3,18,45,34,6.8
2024-07-01,Monday,July,2024,Evening,129,19,1.04,57.4,109.5,28,89,6,6,3,23,58,43,7.4
2024-07-02,Tuesday,July,2024,Evening,143,14,1.57,88.8,154.3,33,90,11,9,4,25,64,48,5.8
2024-07-03,Wednesday,July,2024,Evening,111,20,0.85,51.7,94.2,26,64,4,17,3,19,49,37,7.3
2024-07-04,Thursday,July,2024,Night,120,17,1.09,80.9,114.8,27,69,6,18,3,21,54,40,6.4
2024-07-05,Friday,July,2024,Day,114,17,1.03,62.1,100.4,23,72,5,14,3,20,51,38,7.7
2024-07-06,Saturday,July,2024,Day,110,18,0.94,66.7,137.8,20,68,5,17,3,19,49,37,6.4
2024-07-07,Sunday,July,2024,Evening,104,18,0.89,59.2,105.0,19,72,4,9,3,18,46,35,7.7
2024-07-08,Monday,July,2024,Day,141,17,1.28,68.1,111.2,26,95,8,12,4,25,63,47,6.7
2024-07-09,Tuesday,July,2024,Day,123,21,0.9,61.2,111.9,23,68,5,27,3,22,55,41,6.7
2024-07-10,Wednesday,July,2024,Evening,128,20,0.98,63.3,106.1,23,79,6,20,3,23,57,43,6.3
2024-07-11,Thursday,July,2024,Night,119,15,1.22,68.2,118.6,22,79,7,11,3,21,53,40,6.4
2024-07-12,Friday,July,2024,Evening,133,18,1.14,75.6,120.1,32,82,7,12,3,23,59,45,6.9
2024-07-13,Saturday,July,2024,Day,107,16,1.03,60.4,121.8,25,67,5,10,3,19,48,36,7.0
2024-07-14,Sunday,July,2024,Day,92,18,0.79,62.2,97.9,16,63,3,10,2,16,41,31,6.9
2024-07-15,Monday,July,2024,Night,140,18,1.2,70.2,128.2,26,89,8,17,4,25,63,47,6.9
2024-07-16,Tuesday,July,2024,Day,129,18,1.1,73.3,135.7,24,76,7,22,3,23,58,43,6.9
2024-07-17,Wednesday,July,2024,Day,129,19,1.04,72.4,116.6,32,80,6,11,3,23,58,43,6.4
2024-07-18,Thursday,July,2024,Day,120,17,1.09,67.2,103.4,33,69,6,12,3,21,54,40,6.7
2024-07-19,Friday,July,2024,Night,115,17,1.04,74.0,127.7,21,70,5,19,3,20,51,39,6.6
2024-07-20,Saturday,July,2024,Night,109,18,0.93,58.0,101.3,28,62,5,14,3,19,49,37,7.4
2024-07-21,Sunday,July,2024,Evening,100,18,0.85,61.3,118.7,20,59,4,17,3,18,45,34,6.9
2024-07-22,Monday,July,2024,Night,145,19,1.17,76.0,134.4,30,86,8,21,4,26,65,49,6.2
2024-07-23,Tuesday,July,2024,Day,135,20,1.04,64.1,131.2,26,93,7,9,4,24,60,45,6.8
2024-07-24,Wednesday,July,2024,Day,115,16,1.11,76.3,121.1,29,67,6,13,3,20,51,39,7.3
2024-07-25,Thursday,July,2024,Night,112,15,1.15,70.5,109.5,20,71,6,15,3,20,50,38,6.0
2024-07-26,Friday,July,2024,Day,113,21,0.83,63.1,139.0,24,70,4,15,3,20,50,38,6.6
2024-07-27,Saturday,July,2024,Night,105,17,0.95,63.5,116.6,23,65,4,13,3,18,47,35,6.9
2024-07-28,Sunday,July,2024,Night,100,20,0.77,57.6,101.7,22,60,3,15,3,18,45,34,7.5
2024-07-29,Monday,July,2024,Night,143,16,1.38,79.8,110.7,38,83,9,13,4,25,64,48,6.9
2024-07-30,Tuesday,July,2024,Day,133,14,1.46,84.0,168.4,27,76,9,21,3,23,59,45,6.2
2024-07-31,Wednesday,July,2024,Day,115,17,1.04,74.2,124.6,24,79,5,7,3,20,51,39,6.3
2024-08-01,Thursday,August,2024,Day,129,15,1.32,77.6,138.2,32,89,8,0,3,23,58,43,6.8
2024-08-02,Friday,August,2024,Day,112,16,1.08,73.0,129.9,26,68,6,12,3,20,50,38,6.1
2024-08-03,Saturday,August,2024,Night,107,17,0.97,68.4,97.5,23,73,5,6,3,19,48,36,7.8
2024-08-04,Sunday,August,2024,Night,92,19,0.74,55.7,100.4,20,54,3,15,2,16,41,31,7.4
2024-08-05,Monday,August,2024,Evening,128,14,1.41,84.3,141.6,35,71,9,13,3,23,57,43,5.6
2024-08-06,Tuesday,August,2024,Day,120,17,1.09,62.6,87.1,25,67,6,22,3,21,54,40,6.9
2024-08-07,Wednesday,August,2024,Night,131,17,1.19,74.6,147.0,23,87,7,14,3,23,58,44,6.6
2024-08-08,Thursday,August,2024,Night,107,17,0.97,63.9,109.9,26,70,5,6,3,19,48,36,6.2
2024-08-09,Friday,August,2024,Evening,117,21,0.86,70.7,109.6,32,79,5,1,3,21,52,39,6.5
2024-08-10,Saturday,August,2024,Day,104,18,0.89,52.9,97.5,29,66,4,5,3,18,46,35,8.0
2024-08-11,Sunday,August,2024,Night,101,17,0.91,55.9,87.9,26,62,4,9,3,18,45,34,6.4
2024-08-12,Monday,August,2024,Day,140,20,1.08,65.3,106.1,32,82,7,19,4,25,63,47,6.5
2024-08-13,Tuesday,August,2024,Evening,135,12,1.73,97.2,176.0,35,77,11,12,4,24,60,45,5.9
2024-08-14,Wednesday,August,2024,Night,128,21,0.94,65.6,106.7,28,77,6,17,3,23,57,43,6.7
2024-08-15,Thursday,August,2024,Day,111,16,1.07,61.5,82.4,25,72,5,9,3,19,49,37,6.7
2024-08-16,Friday,August,2024,Day,128,14,1.41,75.2,133.9,27,74,9,18,3,23,57,43,5.7
2024-08-17,Saturday,August,2024,Evening,111,15,1.14,59.9,112.2,22,72,6,11,3,19,49,37,7.0
2024-08-18,Sunday,August,2024,Night,98,18,0.84,55.5,102.1,24,57,4,13,2,17,44,33,6.9
2024-08-19,Monday,August,2024,Day,125,17,1.13,76.3,130.7,34,70,7,14,3,22,56,42,6.3
2024-08-20,Tuesday,August,2024,Evening,127,19,1.03,77.1,133.0,25,73,6,23,3,22,57,43,6.2
2024-08-21,Wednesday,August,2024,Day,124,16,1.19,66.5,124.1,34,83,7,0,3,22,55,42,6.8
2024-08-22,Thursday,August,2024,Day,107,15,1.1,64.4,138.9,28,72,5,2,3,19,48,36,6.9
2024-08-23,Friday,August,2024,Day,126,17,1.14,69.8,99.8,31,83,7,5,3,22,56,42,6.3
2024-08-24,Saturday,August,2024,Evening,108,17,0.98,55.2,113.3,30,63,5,10,3,19,48,36,7.6
2024-08-25,Sunday,August,2024,Night,98,18,0.84,66.3,116.3,20,62,4,12,2,17,44,33,6.1
2024-08-26,Monday,August,2024,Day,139,18,1.19,83.9,121.5,27,86,8,18,4,25,62,47,6.2
2024-08-27,Tuesday,August,2024,Night,125,15,1.28,75.7,127.2,32,83,8,2,3,22,56,42,6.6
2024-08-28,Wednesday,August,2024,Day,110,20,0.85,61.1,137.9,24,69,4,13,3,19,49,37,7.4
2024-08-29,Thursday,August,2024,Night,120,17,1.09,64.4,121.9,23,78,6,13,3,21,54,40,6.1
2024-08-30,Friday,August,2024,Night,114,18,0.97,69.2,110.0,27,77,5,5,3,20,51,38,6.7
2024-08-31,Saturday,August,2024,Evening,104,17,0.94,59.6,115.9,25,70,4,5,3,18,46,35,7.0
2024-09-01,Sunday,September,2024,Day,88,16,0.85,63.6,93.5,24,51,3,10,2,15,39,29,7.4
2024-09-02,Monday,September,2024,Night,149,19,1.21,75.8,156.4,28,96,8,17,4,26,67,50,7.0
2024-09-03,Tuesday,September,2024,Day,142,16,1.37,79.3,159.0,35,87,9,11,4,25,63,48,6.2
2024-09-04,Wednesday,September,2024,Night,118,19,0.96,62.9,92.4,27,66,5,20,3,21,53,40,7.3
2024-09-05,Thursday,September,2024,Day,114,13,1.35,77.3,156.0,28,67,7,12,3,20,51,38,6.9
2024-09-06,Friday,September,2024,Evening,113,17,1.02,66.4,134.5,30,69,5,9,3,20,50,38,6.9
2024-09-07,Saturday,September,2024,Day,93,19,0.75,57.8,97.0,24,63,3,3,2,16,41,31,6.5
2024-09-08,Sunday,September,2024,Evening,96,17,0.87,65.6,127.0,18,63,4,11,2,17,43,32,6.0
2024-09-09,Monday,September,2024,Day,129,17,1.17,69.3,126.6,34,71,7,17,3,23,58,43,6.4
2024-09-10,Tuesday,September,2024,Evening,133,16,1.28,81.1,162.4,27,73,8,25,3,23,59,45,5.6
2024-09-11,Wednesday,September,2024,Day,123,21,0.9,63.6,98.6,26,69,5,23,3,22,55,41,7.1
2024-09-12,Thursday,September,2024,Night,121,15,1.24,77.0,166.6,31,79,7,4,3,21,54,41,6.9
2024-09-13,Friday,September,2024,Day,111,19,0.9,63.2,127.2,23,77,4,7,3,19,49,37,6.3
2024-09-14,Saturday,September,2024,Day,103,19,0.83,54.3,89.7,23,70,4,6,3,18,46,35,6.9
2024-09-15,Sunday,September,2024,Evening,89,18,0.76,63.5,95.8,17,58,3,11,2,16,40,30,7.2
2024-09-16,Monday,September,2024,Day,145,16,1.39,71.5,132.1,30,86,10,19,4,26,65,49,6.6
2024-09-17,Tuesday,September,2024,Night,133,18,1.14,69.5,132.6,25,86,7,15,3,23,59,45,6.6
2024-09-18,Wednesday,September,2024,Day,112,17,1.01,68.0,124.7,23,64,5,20,3,20,50,38,6.9
2024-09-19,Thursday,September,2024,Night,108,20,0.83,56.5,84.5,20,62,4,22,3,19,48,36,7.3
2024-09-20,Friday,September,2024,Day,130,20,1.0,58.7,135.3,32,83,6,9,3,23,58,44,7.2
2024-09-21,Saturday,September,2024,Evening,92,19,0.74,54.2,115.8,25,52,3,12,2,16,41,31,7.3
2024-09-22,Sunday,September,2024,Day,99,15,1.02,69.6,122.6,25,67,5,2,2,17,44,33,6.7
2024-09-23,Monday,September,2024,Day,141,14,1.55,77.3,155.2,38,97,10,0,4,25,63,47,6.1
2024-09-24,Tuesday,September,2024,Evening,141,16,1.36,83.5,148.4,38,90,9,4,4,25,63,47,6.1
2024-09-25,Wednesday,September,2024,Evening,114,20,0.88,52.9,99.4,23,73,4,14,3,20,51,38,7.1
2024-09-26,Thursday,September,2024,Night,119,17,1.08,70.2,116.1,29,82,6,2,3,21,53,40,6.3
2024-09-27,Friday,September,2024,Night,122,17,1.1,70.8,119.8,23,72,6,21,3,21,54,41,6.3
2024-09-28,Saturday,September,2024,Night,99,17,0.9,57.5,103.9,21,56,4,18,2,17,44,33,7.1
2024-09-29,Sunday,September,2024,Evening,102,17,0.92,61.1,120.9,23,68,4,7,3,18,45,34,7.0
2024-09-30,Monday,September,2024,Evening,143,16,1.38,82.7,169.3,26,86,9,22,4,25,64,48,5.7
2024-10-01,Tuesday,October,2024,Evening,145,20,1.12,69.1,145.0,34,99,8,4,4,26,65,49,6.6
2024-10-02,Wednesday,October,2024,Evening,122,15,1.25,84.2,140.6,30,72,7,13,3,21,54,41,5.9
2024-10-03,Thursday,October,2024,Evening,109,17,0.99,69.6,116.8,19,60,5,25,3,19,49,37,6.8
2024-10-04,Friday,October,2024,Day,121,17,1.1,68.8,148.7,27,79,6,9,3,21,54,41,6.5
2024-10-05,Saturday,October,2024,Day,108,15,1.11,71.4,138.1,28,66,5,9,3,19,48,36,6.1
2024-10-06,Sunday,October,2024,Night,103,16,0.99,74.4,112.2,24,62,5,12,3,18,46,35,6.5
2024-10-07,Monday,October,2024,Day,137,23,0.92,58.7,131.9,32,85,6,14,4,24,61,46,6.9
2024-10-08,Tuesday,October,2024,Evening,131,18,1.12,68.9,129.5,30,84,7,10,3,23,58,44,6.6
2024-10-09,Wednesday,October,2024,Day,111,16,1.07,66.5,106.0,28,64,5,14,3,19,49,37,7.6
2024-10-10,Thursday,October,2024,Evening,115,18,0.98,66.3,127.7,21,80,5,9,3,20,51,39,5.7
2024-10-11,Friday,October,2024,Evening,117,16,1.12,71.0,108.9,29,77,6,5,3,21,52,39,6.9
2024-10-12,Saturday,October,2024,Day,104,15,1.07,63.7,128.1,20,60,5,19,3,18,46,35,7.3
2024-10-13,Sunday,October,2024,Evening,94,15,0.96,57.3,98.7,18,62,4,10,2,16,42,31,7.2
2024-10-14,Monday,October,2024,Night,125,15,1.28,81.1,165.3,32,76,8,9,3,22,56,42,6.0
2024-10-15,Tuesday,October,2024,Night,129,17,1.17,79.5,150.5,25,86,7,11,3,23,58,43,6.6
2024-10-16,Wednesday,October,2024,Day,114,18,0.97,58.1,132.7,20,79,5,10,3,20,51,38,7.5
2024-10-17,Thursday,October,2024,Evening,109,18,0.93,60.9,112.6,28,60,5,16,3,19,49,37,7.2
2024-10-18,Friday,October,2024,Day,121,16,1.16,71.5,129.2,31,75,7,8,3,21,54,41,7.4
2024-10-19,Saturday,October,2024,Day,105,18,0.9,60.3,92.3,29,65,4,7,3,18,47,35,7.1
2024-10-20,Sunday,October,2024,Evening,98,19,0.79,53.6,50.0,25,55,3,15,2,17,44,33,7.3
2024-10-21,Monday,October,2024,Day,139,17,1.26,71.2,136.9,26,91,8,14,4,25,62,47,6.5
2024-10-22,Tuesday,October,2024,Night,135,20,1.04,63.6,124.4,27,88,7,13,4,24,60,45,6.4
2024-10-23,Wednesday,October,2024,Night,111,18,0.95,68.1,119.6,21,72,5,13,3,19,49,37,6.3
2024-10-24,Thursday,October,2024,Day,108,20,0.83,58.4,105.5,29,68,4,7,3,19,48,36,7.3
2024-10-25,Friday,October,2024,Day,130,11,1.82,93.6,186.6,34,79,11,6,3,23,58,44,5.9
2024-10-26,Saturday,October,2024,Day,101,14,1.11,71.5,127.7,21,57,5,18,3,18,45,34,7.2
2024-10-27,Sunday,October,2024,Evening,104,16,1.0,62.4,83.9,19,62,5,18,3,18,46,35,6.8
2024-10-28,Monday,October,2024,Evening,139,16,1.34,68.2,121.3,28,81,9,21,4,25,62,47,6.9
2024-10-29,Tuesday,October,2024,Evening,138,19,1.12,65.0,116.1,35,82,7,14,4,24,62,46,6.7
2024-10-30,Wednesday,October,2024,Night,112,17,1.01,67.6,116.6,28,66,5,13,3,20,50,38,7.1
2024-10-31,Thursday,October,2024,Evening,108,17,0.98,57.5,113.7,25,63,5,15,3,19,48,36,7.0
2024-11-01,Friday,November,2024,Day,126,17,1.14,71.3,129.1,26,72,7,21,3,22,56,42,7.2
2024-11-02,Saturday,November,2024,Night,99,18,0.85,66.9,117.4,27,63,4,5,2,17,44,33,6.4
2024-11-03,Sunday,November,2024,Evening,95,16,0.91,60.1,112.6,18,59,4,14,2,17,42,32,7.2
2024-11-04,Monday,November,2024,Day,141,18,1.21,76.3,127.8,26,81,8,26,4,25,63,47,6.5
2024-11-05,Tuesday,November,2024,Day,138,16,1.33,80.2,140.2,28,81,9,20,4,24,62,46,6.4
2024-11-06,Wednesday,November,2024,Evening,114,12,1.46,81.9,139.4,30,71,8,5,3,20,51,38,6.3
2024-11-07,Thursday,November,2024,Night,119,17,1.08,65.6,131.1,23,67,6,23,3,21,53,40,6.1
2024-11-08,Friday,November,2024,Evening,110,19,0.89,63.7,103.5,21,72,4,13,3,19,49,37,6.7
2024-11-09,Saturday,November,2024,Day,107,18,0.91,63.5,107.3,28,62,4,13,3,19,48,36,6.6
2024-11-10,Sunday,November,2024,Day,99,19,0.8,56.2,90.8,27,58,3,11,2,17,44,33,7.2
2024-11-11,Monday,November,2024,Night,135,17,1.22,70.6,123.3,29,89,8,9,4,24,60,45,6.3
2024-11-12,Tuesday,November,2024,Day,122,15,1.25,67.8,127.8,30,70,7,15,3,21,54,41,6.6
2024-11-13,Wednesday,November,2024,Day,110,16,1.06,68.8,143.8,29,69,5,7,3,19,49,37,6.0
2024-11-14,Thursday,November,2024,Day,114,18,0.97,69.0,137.6,30,78,5,1,3,20,51,38,6.8
2024-11-15,Friday,November,2024,Day,123,19,1.0,68.9,106.9,31,80,6,6,3,22,55,41,6.8
2024-11-16,Saturday,November,2024,Evening,101,16,0.97,58.8,105.1,23,64,4,10,3,18,45,34,6.9
2024-11-17,Sunday,November,2024,Evening,102,17,0.92,60.5,106.1,28,68,4,2,3,18,45,34,7.1
2024-11-18,Monday,November,2024,Evening,151,17,1.37,76.7,117.2,41,84,10,16,4,27,67,51,7.0
2024-11-19,Tuesday,November,2024,Evening,134,15,1.37,83.9,166.4,26,90,9,9,4,24,60,45,6.0
2024-11-20,Wednesday,November,2024,Evening,126,16,1.21,76.8,154.1,28,87,7,4,3,22,56,42,6.5
2024-11-21,Thursday,November,2024,Day,109,19,0.88,59.7,119.5,29,65,4,11,3,19,49,37,6.9
2024-11-22,Friday,November,2024,Evening,127,20,0.98,60.6,98.2,32,77,6,12,3,22,57,43,5.8
2024-11-23,Saturday,November,2024,Day,99,18,0.85,47.6,78.0,23,64,4,8,2,17,44,33,7.9
2024-11-24,Sunday,November,2024,Evening,91,18,0.78,57.5,131.4,16,58,3,14,2,16,40,30,7.5
2024-11-25,Monday,November,2024,Evening,139,16,1.34,77.3,126.0,25,77,9,28,4,25,62,47,5.5
2024-11-26,Tuesday,November,2024,Day,133,14,1.46,83.7,140.1,26,82,9,16,3,23,59,45,6.4
2024-11-27,Wednesday,November,2024,Night,113,20,0.87,66.2,114.5,21,66,4,22,3,20,50,38,7.3
2024-11-28,Thursday,November,2024,Evening,119,16,1.14,70.9,139.4,32,75,6,6,3,21,53,40,6.7
2024-11-29,Friday,November,2024,Evening,133,17,1.2,74.1,109.5,30,82,8,13,3,23,59,45,6.4
2024-11-30,Saturday,November,2024,Night,99,18,0.85,52.5,101.9,21,68,4,6,2,17,44,33,7.6
2024-12-01,Sunday,December,2024,Evening,108,18,0.92,66.4,112.5,22,66,4,16,3,19,48,36,6.8
2024-12-02,Monday,December,2024,Evening,167,16,1.61,94.0,156.6,36,110,13,8,5,30,75,56,5.9
2024-12-03,Tuesday,December,2024,Night,173,17,1.57,78.6,131.5,45,112,13,3,5,31,77,58,5.6
2024-12-04,Wednesday,December,2024,Day,135,17,1.22,77.6,141.6,36,75,8,16,4,24,60,45,5.6
2024-12-05,Thursday,December,2024,Evening,151,15,1.55,84.8,124.1,41,100,11,0,4,27,67,51,5.7
2024-12-06,Friday,December,2024,Night,161,16,1.55,86.7,149.5,31,111,12,7,4,28,72,54,5.5
2024-12-07,Saturday,December,2024,Day,116,21,0.85,62.2,135.1,27,73,4,12,3,20,52,39,7.0
2024-12-08,Sunday,December,2024,Evening,106,14,1.16,72.7,132.2,24,73,6,3,3,19,47,36,6.4
2024-12-09,Monday,December,2024,Evening,151,20,1.16,72.4,139.7,30,96,8,17,4,27,67,51,6.5
2024-12-10,Tuesday,December,2024,Day,143,15,1.47,79.5,147.8,29,96,10,8,4,25,64,48,6.4
2024-12-11,Wednesday,December,2024,Night,145,19,1.17,77.9,147.5,40,95,8,2,4,26,65,49,6.8
2024-12-12,Thursday,December,2024,Day,141,18,1.21,68.1,126.3,32,90,8,11,4,25,63,47,6.3
2024-12-13,Friday,December,2024,Day,137,19,1.11,69.3,106.2,34,87,7,9,4,24,61,46,5.9
2024-12-14,Saturday,December,2024,Day,120,17,1.09,63.8,105.1,22,74,6,18,3,21,54,40,7.1
2024-12-15,Sunday,December,2024,Night,105,19,0.85,62.3,107.1,27,71,4,3,3,18,47,35,7.0
2024-12-16,Monday,December,2024,Day,165,19,1.34,76.2,130.5,33,110,11,11,4,29,74,56,6.2
2024-12-17,Tuesday,December,2024,Day,144,17,1.3,82.4,151.2,38,99,9,0,4,25,64,48,6.7
2024-12-18,Wednesday,December,2024,Night,131,19,1.06,61.5,109.2,31,75,6,19,3,23,58,44,7.3
2024-12-19,Thursday,December,2024,Evening,154,17,1.39,72.0,131.4,35,88,10,21,4,27,69,52,6.3
2024-12-20,Friday,December,2024,Night,142,23,0.95,66.2,105.9,26,94,6,16,4,25,63,48,7.4
2024-12-21,Saturday,December,2024,Evening,116,16,1.12,66.8,103.0,25,75,6,10,3,20,52,39,6.9
2024-12-22,Sunday,December,2024,Evening,112,21,0.82,47.8,92.9,23,67,4,18,3,20,50,38,7.5
2024-12-23,Monday,December,2024,Night,178,18,1.52,82.7,136.8,32,103,13,30,5,32,80,60,5.3
2024-12-24,Tuesday,December,2024,Day,156,16,1.5,77.4,145.9,32,88,11,25,4,28,70,53,6.7
2024-12-25,Wednesday,December,2024,Day,156,20,1.2,85.2,127.7,40,98,9,9,4,28,70,53,6.7
2024-12-26,Thursday,December,2024,Day,130,19,1.05,67.4,132.7,33,76,6,15,3,23,58,44,6.6
2024-12-27,Friday,December,2024,Evening,135,16,1.3,80.1,144.6,34,76,8,17,4,24,60,45,5.4
2024-12-28,Saturday,December,2024,Evening,122,20,0.94,63.4,120.8,30,77,5,10,3,21,54,41,6.7
2024-12-29,Sunday,December,2024,Evening,113,18,0.97,59.3,139.9,24,77,5,7,3,20,50,38,7.2
2024-12-30,Monday,December,2024,Evening,151,21,1.11,67.7,121.5,40,89,8,14,4,27,67,51,7.3
